Workbook

Sheet Dane wejściowe
A1: 💧 KALKULATOR ROZLICZENIA WODY – Rodzina A / Rodzina B
A2: Wypełniaj tylko pola niebieskie. Pola szare są obliczane automatycznie.
A4: 1 │ DANE Z FAKTURY
B5: Pozycja | C5: Cena netto (zł/m³ lub zł/szt) | D5: Ilość (m³ lub szt) | E5: Wartość netto (zł) | F5: VAT (%) | G5: Kwota VAT (zł) | H5: Wartość brutto (zł)
B6: Dostawa wody (zmienna, wg wskazań licznika) | C6: 3.05 | D6: =IFERROR(C19,"") -> 58 | E6: =IFERROR(C6*D6,"") -> 176.9 | F6: 8 | G6: =IFERROR(E6*F6/100,"") -> 14.152 | H6: =IFERROR(E6+G6,"") -> 191.052
B7: Opłata stała za wodę (abonament) | C7: 15.8 | D7: 1 | E7: =IFERROR(C7*D7,"") -> 15.8 | F7: 8 | G7: =IFERROR(E7*F7/100,"") -> 1.264 | H7: =IFERROR(E7+G7,"") -> 17.064
B8: Odprowadzenie ścieków (zmienna, wg wskazań) | C8: 5.4 | D8: =IFERROR(C19,"") -> 58 | E8: =IFERROR(C8*D8,"") -> 313.2 | F8: 8 | G8: =IFERROR(E8*F8/100,"") -> 25.056 | H8: =IFERROR(E8+G8,"") -> 338.256
B9: Opłata stała za ścieki (abonament) | C9: 16.2 | D9: 1 | E9: =IFERROR(C9*D9,"") -> 16.2 | F9: 8 | G9: =IFERROR(E9*F9/100,"") -> 1.296 | H9: =IFERROR(E9+G9,"") -> 17.496
B10: RAZEM FAKTURA | E10: =IFERROR(SUM(E6:E9),"") -> 522.1 | G10: =IFERROR(SUM(G6:G9),"") -> 41.768 | H10: =IFERROR(SUM(H6:H9),"") -> 563.868
A12: 2 │ GŁÓWNY LICZNIK WODY (odczyt z faktury / zlecenia)
B13: Okres rozliczeniowy – OD | C13: 46113 | H13: ← data początku okresu rozliczeniowego z faktury
B14: Okres rozliczeniowy – DO | C14: 46173 | H14: ← data końca okresu rozliczeniowego z faktury
B15: Liczba dni okresu (obliczona) | C15: =IF(AND(ISNUMBER(C14),ISNUMBER(C13)),C14-C13,"") -> 60
B16: Nr licznika (informacyjnie) | H16: ← np. 23219092 (z faktury)
B17: Stan licznika POPRZEDNI (m³) | C17: 210 | H17: ← poprzedni stan z faktury
B18: Stan licznika AKTUALNY (m³) | C18: 268 | H18: ← aktualny stan z faktury
B19: Łączne zużycie wg faktury (m³) | C19: =IFERROR(C18-C17,"") -> 58
B20: ⚙️ Pierwszy miesiąc – wyłącz korektę proporcjonalną? | C20: NIE | H20: ← TAK (pierwszy okres) = brak wcześniejszego zsynchronizowanego odczytu, korekta proporcjonalna wyłączona | NIE = normalny miesiąc, korekta aktywna
A22: 3 │ PODLICZNIK – RODZINA B
B23: Pole | C23: Odczyt / Data | H23: Komentarz
B24: Data odczytu POPRZEDNIEGO | C24: 46113 | H24: ← powinna pokrywać się z początkiem okresu faktury
B25: Stan podlicznika POPRZEDNIEGO (m³) | C25: 95 | H25: ← poprzedni odczyt Twojego podlicznika
B26: Data odczytu BIEŻĄCEGO | C26: 46173 | H26: ← powinna pokrywać się z końcem okresu faktury
B27: Stan podlicznika BIEŻĄCEGO (m³) | C27: 121 | H27: ← bieżący odczyt Twojego podlicznika
B28: Liczba dni pomiaru B | C28: =IF(AND(ISNUMBER(C26),ISNUMBER(C24)),C26-C24,"") -> 60
B29: Zużycie zmierzone B (m³) | C29: =IFERROR(C27-C25,"") -> 26
B30: Korekta proporcjonalna B (do okresu faktury) | C30: =IFERROR( IF(C20="TAK (pierwszy okres)", C29, IF(C28=0, C29, ROUND(C29/C28*C15,3) )),"") -> 26 | H30: ← jeśli daty podlicznika B różnią się od okresu faktury, zużycie jest proporcjonalnie przeliczane
B31: ⚙️ ALGORYTM KOREKTY PROPORCJONALNEJ
B33: Przykład: zmierzyłeś 10 m³ w ciągu 29 dni, a faktura obejmuje 34 dni → 10 ÷ 29 × 34 = 11,72 m³ (proporcjonalnie więcej, bo okres faktury jest dłuższy).
B34: NIE (normalny miesiąc) → korekta aktywna | TAK (pierwszy okres) → korekta wyłączona, używa się surowego zużycia z podlicznika.
A36: LEGENDA / INSTRUKCJA WYPEŁNIANIA
B37: 🔵 Komórki niebieskie | C37: Dane do wpisania ręcznie (z faktury lub odczytu licznika)
B38: ⬛ Komórki szare | C38: Obliczenia automatyczne – nie edytuj
B39: 🟢 Komórki zielone | C39: Wynik końcowy (kwota do zapłaty)
B40: 📅 Daty | C40: Wpisuj w formacie DD.MM.RRRR
B41: ⚠️ Korekta proporcjonalna | C41: Jeśli daty podlicznika różnią się od okresu faktury, model automatycznie przelicza zużycie proporcjonalnie do liczby dni.
B42: 📋 Arkusz "Historia" | C42: Po każdym miesiącu wpisz wyniki do historii, aby śledzić trendy.

Sheet Obliczenia
A1: 💧 OBLICZENIA PODZIAŁU KOSZTÓW WODY
A3: A │ ZUŻYCIA m³
B4: Składnik | C4: m³ | D4: Uwagi
B5: Łącznie wg faktury | C5: =IFERROR('Dane wejściowe'!C19,"") -> 58 | D5: z sekcji 2 arkusza Dane wejściowe
B6: Rodzina B – zmierzone (skorygowane) | C6: =IFERROR('Dane wejściowe'!C30,"") -> 26 | D6: proporcjonalnie skorygowane zużycie podlicznika B
B7: Rodzina A – własne (obliczone) | C7: =IFERROR(C5-C6,"") -> 32 | D7: Reszta po odjęciu B
B8: Kontrola (A+B powinno = łącznie) | C8: =IFERROR(C6+C7,"") -> 58 | D8: Powinno równać się wierszowi "Łącznie wg faktury"
A10: B │ STAWKI
B11: Stawka | C11: Wartość | D11: Opis
B12: Stawka wody zmiennej NETTO (zł/m³) | C12: =IFERROR('Dane wejściowe'!C6,"") -> 3.05 | D12: cena z faktury – dostawa wody
B13: Stawka ścieków zmiennej NETTO (zł/m³) | C13: =IFERROR('Dane wejściowe'!C8,"") -> 5.4 | D13: cena z faktury – odprowadzenie ścieków
B14: VAT woda/ścieki (%) | C14: =IFERROR('Dane wejściowe'!F6,"") -> 8 | D14: VAT dla obu składników zmiennych
B15: Stawka wody BRUTTO (zł/m³) | C15: =IFERROR(C12*(1+C14/100),"") -> 3.294 | D15: stawka wody z VAT
B16: Stawka ścieków BRUTTO (zł/m³) | C16: =IFERROR(C13*(1+C14/100),"") -> 5.832 | D16: stawka ścieków z VAT
B17: Opłata stała – woda BRUTTO (zł) | C17: =IFERROR('Dane wejściowe'!H7,"") -> 17.064 | D17: z faktury – opłata stała woda
B18: Opłata stała – ścieki BRUTTO (zł) | C18: =IFERROR('Dane wejściowe'!H9,"") -> 17.496 | D18: z faktury – opłata stała ścieki
B19: Koszty stałe BRUTTO łącznie (zł) | C19: =IFERROR(C17+C18,"") -> 34.56 | D19: suma obu opłat stałych
B20: Koszty stałe BRUTTO na rodzinę (zł/2) | C20: =IFERROR(C19/2,"") -> 17.28 | D20: podział 50/50
A22: C │ WYNIK KOŃCOWY
B23: Składnik kosztu | C23: Rodzina A (zł) | D23: Rodzina B (zł)
B24: Woda zmienna (zużycie × stawka brutto) | C24: =IFERROR(C7*C15,"") -> 105.408 | D24: =IFERROR(C6*C15,"") -> 85.644
B25: Ścieki zmienne (zużycie × stawka brutto) | C25: =IFERROR(C7*C16,"") -> 186.624 | D25: =IFERROR(C6*C16,"") -> 151.632
B26: Koszty stałe (50% / 50%) | C26: =IFERROR(C20,"") -> 17.28 | D26: =IFERROR(C20,"") -> 17.28
B27: DO ZAPŁATY | C27: =IFERROR(SUM(C24:C26),"") -> 309.312 | D27: =IFERROR(SUM(D24:D26),"") -> 254.556
B28: Kontrola (A+B = suma faktury) | C28: =IFERROR('Dane wejściowe'!H10,"") -> 563.868 | D28: =IFERROR(C27+D27,"") -> 563.868 | E28: =IFERROR(IF(ABS(C28-D28)<0.02,"✅ OK","⚠️ Sprawdź!"),"?") -> ✅ OK
A30: D │ SZCZEGÓŁY PODZIAŁU m³
B31: Składnik | C31: Rodzina A | D31: Rodzina B | E31: Razem
B32: Zużycie własne (m³) | C32: =IFERROR(C7,"") -> 32 | D32: =IFERROR(C6,"") -> 26 | E32: =IFERROR(C5,"") -> 58
B33: Udział procentowy (%) | C33: =IFERROR(C7/C5,"") -> 0.55172414 | D33: =IFERROR(C6/C5,"") -> 0.44827586 | E33: =IFERROR((C7+C6)/C5,"") -> 1
A35: E │ OSTRZEŻENIA O SYNCHRONIZACJI DAT
B36: Licznik B – data OD vs faktura OD | C36: =IFERROR(IF(ABS('Dane wejściowe'!C24-'Dane wejściowe'!C13)=0,"✅ Zsynchronizowany","⚠️ Różnica: "&ABS('Dane wejściowe'!C24-'Dane wejściowe'!C13)&" dni – stosowana korekta proporcjonalna"),"brak danych") -> ✅ Zsynchronizowany
B37: Licznik B – data DO vs faktura DO | C37: =IFERROR(IF(ABS('Dane wejściowe'!C26-'Dane wejściowe'!C14)=0,"✅ Zsynchronizowany","⚠️ Różnica: "&ABS('Dane wejściowe'!C26-'Dane wejściowe'!C14)&" dni – stosowana korekta proporcjonalna"),"brak danych") -> ✅ Zsynchronizowany

Sheet Historia miesięczna
A1: 📅 HISTORIA MIESIĘCZNA ROZLICZEŃ WODY
A2: Wiersz "Bieżący miesiąc" aktualizuje się automatycznie. Po zakończeniu okresu skopiuj go jako wartości do archiwum (wiersz 8+), a następnie wprowadź dane nowego miesiąca w arkuszu "Dane wejściowe".
A3: Miesiąc (faktura DO) | B3: m³ faktura | C3: m³ Rodz. B | D3: m³ Rodz. A | E3: Faktura BRUTTO (zł) | F3: Do zapłaty Rodz. A (zł) | G3: Do zapłaty Rodz. B (zł) | H3: Kontrola A+B (zł) | I3: Stawka wody zł/m³ brutto | J3: Stawka ścieków zł/m³ brutto | K3: Koszty stałe (zł)
A4: 🔄 BIEŻĄCY MIESIĄC (aktualizuje się automatycznie z arkusza Obliczenia)
A5: =IFERROR('Dane wejściowe'!C14,"") -> 46173 | B5: =IFERROR(Obliczenia!C5,"") -> 58 | C5: =IFERROR(Obliczenia!C6,"") -> 26 | D5: =IFERROR(Obliczenia!C7,"") -> 32 | E5: =IFERROR('Dane wejściowe'!H10,"") -> 563.868 | F5: =IFERROR(Obliczenia!C27,"") -> 309.312 | G5: =IFERROR(Obliczenia!D27,"") -> 254.556 | H5: =IFERROR(Obliczenia!C27+Obliczenia!D27,"") -> 563.868 | I5: =IFERROR(Obliczenia!C15,"") -> 3.294 | J5: =IFERROR(Obliczenia!C16,"") -> 5.832 | K5: =IFERROR(Obliczenia!C19,"") -> 34.56
A6: 📋 ARCHIWUM – aby zapisać bieżący miesiąc: zaznacz wiersz 5 → Kopiuj → kliknij pierwszy pusty wiersz poniżej → Wklej specjalnie → Tylko wartości
A7: 46112 | B7: 52 | C7: 22 | D7: 30 | E7: 509.11 | F7: 291.06 | G7: 218.05 | H7: 509.11 | I7: 3.294 | J7: 5.832 | K7: 34.56

Sheet 📊 Dashboard
A1: 💧 DASHBOARD ROZLICZENIA WODY – Rodzina A / Rodzina B
A2: 🔄 Dane aktualizują się automatycznie z arkuszy "Obliczenia" i "Historia miesięczna" | Wykresy pojawiają się po zapisaniu ≥ 2 miesięcy w archiwum.
B4: BIEŻĄCA FAKTURA | D4: RODZINA A – płaci | F4: RODZINA B – płaci | H4: ŁĄCZNIE m³
B5: =IFERROR('Dane wejściowe'!H10,"") -> 563.868 | D5: =IFERROR(Obliczenia!C27,"") -> 309.312 | F5: =IFERROR(Obliczenia!D27,"") -> 254.556 | H5: =IFERROR(Obliczenia!C5,"") -> 58
B6: bieżący okres | D6: bieżący miesiąc | F6: bieżący miesiąc | H6: bieżący okres
A8: 📊 Koszty miesięczne – Rodzina A vs B | F8: 📊 Zużycie m³ – podział miesięczny
A29: 📊 Trend stawki wody (zł/m³ brutto) | F29: 📊 Porównanie kosztów A vs B (%)
A45: 📋 Bieżący miesiąc – szczegółowy podział
B46: Składnik | C46: m³ | D46: Udział m³ | E46: Koszt (zł) | F46: Udział kosztu
B47: Rodzina A | C47: =IFERROR(Obliczenia!C7,"") -> 32 | D47: =IFERROR(Obliczenia!C33,"") -> 0.55172414 | E47: =IFERROR(Obliczenia!C27,"") -> 309.312 | F47: =IFERROR(C47/E49,"") -> 0.056750871
B48: Rodzina B | C48: =IFERROR(Obliczenia!C6,"") -> 26 | D48: =IFERROR(Obliczenia!D33,"") -> 0.44827586 | E48: =IFERROR(Obliczenia!D27,"") -> 254.556 | F48: =IFERROR(C48/E49,"") -> 0.046110083
B49: RAZEM | C49: =IFERROR(Obliczenia!C5,"") -> 58 | D49: =IFERROR(C47+C48,"") -> 58 | E49: =IFERROR('Dane wejściowe'!H10,"") -> 563.868 | F49: =IFERROR(E47/E47,"") -> 1
A52: 📋 Statystyki historyczne (archiwum)
B53: Wskaźnik | D53: Rodzina A | E53: Rodzina B | F53: Razem | G53: Uwagi
B54: Średnia płatność (zł) | D54: =IFERROR(AVERAGEIF('Historia miesięczna'!F7:F54,"<>"""),"") -> 291.06 | E54: =IFERROR(AVERAGEIF('Historia miesięczna'!G7:G54,"<>"""),"") -> 218.05 | F54: =IFERROR(AVERAGEIF('Historia miesięczna'!E7:E54,"<>"""),"") -> 509.11 | G54: z dostępnych miesięcy w archiwum
B55: Maks. płatność (zł) | D55: =IFERROR(IF(COUNTA('Historia miesięczna'!F7:F54)=0,"-",MAX('Historia miesięczna'!F7:F54)),"") -> 291.06 | E55: =IFERROR(IF(COUNTA('Historia miesięczna'!G7:G54)=0,"-",MAX('Historia miesięczna'!G7:G54)),"") -> 218.05 | F55: =IFERROR(IF(COUNTA('Historia miesięczna'!E7:E54)=0,"-",MAX('Historia miesięczna'!E7:E54)),"") -> 509.11
B56: Min. płatność (zł) | D56: =IFERROR(IF(COUNTA('Historia miesięczna'!F7:F54)=0,"-",_xludf.minifs('Historia miesięczna'!F7:F54,'Historia miesięczna'!F7:F54,">0")),"") | E56: =IFERROR(IF(COUNTA('Historia miesięczna'!G7:G54)=0,"-",_xludf.minifs('Historia miesięczna'!G7:G54,'Historia miesięczna'!G7:G54,">0")),"") | F56: =IFERROR(IF(COUNTA('Historia miesięczna'!E7:E54)=0,"-",_xludf.minifs('Historia miesięczna'!E7:E54,'Historia miesięczna'!E7:E54,">0")),"")
B57: Łączne zużycie m³ (suma) | D57: =IFERROR(SUMIF('Historia miesięczna'!D7:D54,"<>"""),"") -> 30 | E57: =IFERROR(SUMIF('Historia miesięczna'!C7:C54,"<>"""),"") -> 22 | F57: =IFERROR(SUMIF('Historia miesięczna'!B7:B54,"<>"""),"") -> 52 | G57: A i B = zużycie własne
B58: Łączna suma zapłacona (zł) | D58: =IFERROR(SUMIF('Historia miesięczna'!F7:F54,"<>"""),"") -> 291.06 | E58: =IFERROR(SUMIF('Historia miesięczna'!G7:G54,"<>"""),"") -> 218.05 | F58: =IFERROR(SUMIF('Historia miesięczna'!E7:E54,"<>"""),"") -> 509.11 | G58: suma zarchiwizowanych miesięcy
B59: Liczba zarchiwizowanych mies. | D59: =IFERROR(COUNTA('Historia miesięczna'!A7:A54),"") -> 1 | E59: =C59 -> 0 | F59: =C59 -> 0

Sheet Dane_Wykres
A1: Pokaż ostatnie N miesięcy (Dashboard): | B1: 6
A2: # | B2: Miesiąc | C2: m³ Razem | D2: m³ A | E2: m³ B | F2: Faktura (zł) | G2: Koszt A (zł) | H2: Koszt B (zł) | I2: Stawka wody zł/m³
A3: 1 | B3: =IFERROR(IF(COUNTA('Historia miesięczna'!$A$7:$A$54)>=2,'Historia miesięczna'!A7,""),"") | C3: =IFERROR(IF(COUNTA('Historia miesięczna'!$A$7:$A$54)>=2,'Historia miesięczna'!B7,""),"") | D3: =IFERROR(IF(COUNTA('Historia miesięczna'!$A$7:$A$54)>=2,'Historia miesięczna'!D7,""),"") | E3: =IFERROR(IF(COUNTA('Historia miesięczna'!$A$7:$A$54)>=2,'Historia miesięczna'!C7,""),"") | F3: =IFERROR(IF(COUNTA('Historia miesięczna'!$A$7:$A$54)>=2,'Historia miesięczna'!E7,""),"") | G3: =IFERROR(IF(COUNTA('Historia miesięczna'!$A$7:$A$54)>=2,'Historia miesięczna'!F7,""),"") | H3: =IFERROR(IF(COUNTA('Historia miesięczna'!$A$7:$A$54)>=2,'Historia miesięczna'!G7,""),"") | I3: =IFERROR(IF(COUNTA('Historia miesięczna'!$A$7:$A$54)>=2,'Historia miesięczna'!I7,""),"")
A4: 2 | B4: =IFERROR(IF(COUNTA('Historia miesięczna'!$A$7:$A$54)>=2,'Historia miesięczna'!A8,""),"") | C4: =IFERROR(IF(COUNTA('Historia miesięczna'!$A$7:$A$54)>=2,'Historia miesięczna'!B8,""),"") | D4: =IFERROR(IF(COUNTA('Historia miesięczna'!$A$7:$A$54)>=2,'Historia miesięczna'!D8,""),"") | E4: =IFERROR(IF(COUNTA('Historia miesięczna'!$A$7:$A$54)>=2,'Historia miesięczna'!C8,""),"") | F4: =IFERROR(IF(COUNTA('Historia miesięczna'!$A$7:$A$54)>=2,'Historia miesięczna'!E8,""),"") | G4: =IFERROR(IF(COUNTA('Historia miesięczna'!$A$7:$A$54)>=2,'Historia miesięczna'!F8,""),"") | H4: =IFERROR(IF(COUNTA('Historia miesięczna'!$A$7:$A$54)>=2,'Historia miesięczna'!G8,""),"") | I4: =IFERROR(IF(COUNTA('Historia miesięczna'!$A$7:$A$54)>=2,'Historia miesięczna'!I8,""),"")
A5: 3 | B5: =IFERROR(IF(COUNTA('Historia miesięczna'!$A$7:$A$54)>=2,'Historia miesięczna'!A9,""),"") | C5: =IFERROR(IF(COUNTA('Historia miesięczna'!$A$7:$A$54)>=2,'Historia miesięczna'!B9,""),"") | D5: =IFERROR(IF(COUNTA('Historia miesięczna'!$A$7:$A$54)>=2,'Historia miesięczna'!D9,""),"") | E5: =IFERROR(IF(COUNTA('Historia miesięczna'!$A$7:$A$54)>=2,'Historia miesięczna'!C9,""),"") | F5: =IFERROR(IF(COUNTA('Historia miesięczna'!$A$7:$A$54)>=2,'Historia miesięczna'!E9,""),"") | G5: =IFERROR(IF(COUNTA('Historia miesięczna'!$A$7:$A$54)>=2,'Historia miesięczna'!F9,""),"") | H5: =IFERROR(IF(COUNTA('Historia miesięczna'!$A$7:$A$54)>=2,'Historia miesięczna'!G9,""),"") | I5: =IFERROR(IF(COUNTA('Historia miesięczna'!$A$7:$A$54)>=2,'Historia miesięczna'!I9,""),"")
A6: 4 | B6: =IFERROR(IF(COUNTA('Historia miesięczna'!$A$7:$A$54)>=2,'Historia miesięczna'!A10,""),"") | C6: =IFERROR(IF(COUNTA('Historia miesięczna'!$A$7:$A$54)>=2,'Historia miesięczna'!B10,""),"") | D6: =IFERROR(IF(COUNTA('Historia miesięczna'!$A$7:$A$54)>=2,'Historia miesięczna'!D10,""),"") | E6: =IFERROR(IF(COUNTA('Historia miesięczna'!$A$7:$A$54)>=2,'Historia miesięczna'!C10,""),"") | F6: =IFERROR(IF(COUNTA('Historia miesięczna'!$A$7:$A$54)>=2,'Historia miesięczna'!E10,""),"") | G6: =IFERROR(IF(COUNTA('Historia miesięczna'!$A$7:$A$54)>=2,'Historia miesięczna'!F10,""),"") | H6: =IFERROR(IF(COUNTA('Historia miesięczna'!$A$7:$A$54)>=2,'Historia miesięczna'!G10,""),"") | I6: =IFERROR(IF(COUNTA('Historia miesięczna'!$A$7:$A$54)>=2,'Historia miesięczna'!I10,""),"")
A7: 5 | B7: =IFERROR(IF(COUNTA('Historia miesięczna'!$A$7:$A$54)>=2,'Historia miesięczna'!A11,""),"") | C7: =IFERROR(IF(COUNTA('Historia miesięczna'!$A$7:$A$54)>=2,'Historia miesięczna'!B11,""),"") | D7: =IFERROR(IF(COUNTA('Historia miesięczna'!$A$7:$A$54)>=2,'Historia miesięczna'!D11,""),"") | E7: =IFERROR(IF(COUNTA('Historia miesięczna'!$A$7:$A$54)>=2,'Historia miesięczna'!C11,""),"") | F7: =IFERROR(IF(COUNTA('Historia miesięczna'!$A$7:$A$54)>=2,'Historia miesięczna'!E11,""),"") | G7: =IFERROR(IF(COUNTA('Historia miesięczna'!$A$7:$A$54)>=2,'Historia miesięczna'!F11,""),"") | H7: =IFERROR(IF(COUNTA('Historia miesięczna'!$A$7:$A$54)>=2,'Historia miesięczna'!G11,""),"") | I7: =IFERROR(IF(COUNTA('Historia miesięczna'!$A$7:$A$54)>=2,'Historia miesięczna'!I11,""),"")
A8: 6 | B8: =IFERROR(IF(COUNTA('Historia miesięczna'!$A$7:$A$54)>=2,'Historia miesięczna'!A12,""),"") | C8: =IFERROR(IF(COUNTA('Historia miesięczna'!$A$7:$A$54)>=2,'Historia miesięczna'!B12,""),"") | D8: =IFERROR(IF(COUNTA('Historia miesięczna'!$A$7:$A$54)>=2,'Historia miesięczna'!D12,""),"") | E8: =IFERROR(IF(COUNTA('Historia miesięczna'!$A$7:$A$54)>=2,'Historia miesięczna'!C12,""),"") | F8: =IFERROR(IF(COUNTA('Historia miesięczna'!$A$7:$A$54)>=2,'Historia miesięczna'!E12,""),"") | G8: =IFERROR(IF(COUNTA('Historia miesięczna'!$A$7:$A$54)>=2,'Historia miesięczna'!F12,""),"") | H8: =IFERROR(IF(COUNTA('Historia miesięczna'!$A$7:$A$54)>=2,'Historia miesięczna'!G12,""),"") | I8: =IFERROR(IF(COUNTA('Historia miesięczna'!$A$7:$A$54)>=2,'Historia miesięczna'!I12,""),"")
A9: 7 | B9: =IFERROR(IF(COUNTA('Historia miesięczna'!$A$7:$A$54)>=2,'Historia miesięczna'!A13,""),"") | C9: =IFERROR(IF(COUNTA('Historia miesięczna'!$A$7:$A$54)>=2,'Historia miesięczna'!B13,""),"") | D9: =IFERROR(IF(COUNTA('Historia miesięczna'!$A$7:$A$54)>=2,'Historia miesięczna'!D13,""),"") | E9: =IFERROR(IF(COUNTA('Historia miesięczna'!$A$7:$A$54)>=2,'Historia miesięczna'!C13,""),"") | F9: =IFERROR(IF(COUNTA('Historia miesięczna'!$A$7:$A$54)>=2,'Historia miesięczna'!E13,""),"") | G9: =IFERROR(IF(COUNTA('Historia miesięczna'!$A$7:$A$54)>=2,'Historia miesięczna'!F13,""),"") | H9: =IFERROR(IF(COUNTA('Historia miesięczna'!$A$7:$A$54)>=2,'Historia miesięczna'!G13,""),"") | I9: =IFERROR(IF(COUNTA('Historia miesięczna'!$A$7:$A$54)>=2,'Historia miesięczna'!I13,""),"")
A10: 8 | B10: =IFERROR(IF(COUNTA('Historia miesięczna'!$A$7:$A$54)>=2,'Historia miesięczna'!A14,""),"") | C10: =IFERROR(IF(COUNTA('Historia miesięczna'!$A$7:$A$54)>=2,'Historia miesięczna'!B14,""),"") | D10: =IFERROR(IF(COUNTA('Historia miesięczna'!$A$7:$A$54)>=2,'Historia miesięczna'!D14,""),"") | E10: =IFERROR(IF(COUNTA('Historia miesięczna'!$A$7:$A$54)>=2,'Historia miesięczna'!C14,""),"") | F10: =IFERROR(IF(COUNTA('Historia miesięczna'!$A$7:$A$54)>=2,'Historia miesięczna'!E14,""),"") | G10: =IFERROR(IF(COUNTA('Historia miesięczna'!$A$7:$A$54)>=2,'Historia miesięczna'!F14,""),"") | H10: =IFERROR(IF(COUNTA('Historia miesięczna'!$A$7:$A$54)>=2,'Historia miesięczna'!G14,""),"") | I10: =IFERROR(IF(COUNTA('Historia miesięczna'!$A$7:$A$54)>=2,'Historia miesięczna'!I14,""),"")
A11: 9 | B11: =IFERROR(IF(COUNTA('Historia miesięczna'!$A$7:$A$54)>=2,'Historia miesięczna'!A15,""),"") | C11: =IFERROR(IF(COUNTA('Historia miesięczna'!$A$7:$A$54)>=2,'Historia miesięczna'!B15,""),"") | D11: =IFERROR(IF(COUNTA('Historia miesięczna'!$A$7:$A$54)>=2,'Historia miesięczna'!D15,""),"") | E11: =IFERROR(IF(COUNTA('Historia miesięczna'!$A$7:$A$54)>=2,'Historia miesięczna'!C15,""),"") | F11: =IFERROR(IF(COUNTA('Historia miesięczna'!$A$7:$A$54)>=2,'Historia miesięczna'!E15,""),"") | G11: =IFERROR(IF(COUNTA('Historia miesięczna'!$A$7:$A$54)>=2,'Historia miesięczna'!F15,""),"") | H11: =IFERROR(IF(COUNTA('Historia miesięczna'!$A$7:$A$54)>=2,'Historia miesięczna'!G15,""),"") | I11: =IFERROR(IF(COUNTA('Historia miesięczna'!$A$7:$A$54)>=2,'Historia miesięczna'!I15,""),"")
A12: 10 | B12: =IFERROR(IF(COUNTA('Historia miesięczna'!$A$7:$A$54)>=2,'Historia miesięczna'!A16,""),"") | C12: =IFERROR(IF(COUNTA('Historia miesięczna'!$A$7:$A$54)>=2,'Historia miesięczna'!B16,""),"") | D12: =IFERROR(IF(COUNTA('Historia miesięczna'!$A$7:$A$54)>=2,'Historia miesięczna'!D16,""),"") | E12: =IFERROR(IF(COUNTA('Historia miesięczna'!$A$7:$A$54)>=2,'Historia miesięczna'!C16,""),"") | F12: =IFERROR(IF(COUNTA('Historia miesięczna'!$A$7:$A$54)>=2,'Historia miesięczna'!E16,""),"") | G12: =IFERROR(IF(COUNTA('Historia miesięczna'!$A$7:$A$54)>=2,'Historia miesięczna'!F16,""),"") | H12: =IFERROR(IF(COUNTA('Historia miesięczna'!$A$7:$A$54)>=2,'Historia miesięczna'!G16,""),"") | I12: =IFERROR(IF(COUNTA('Historia miesięczna'!$A$7:$A$54)>=2,'Historia miesięczna'!I16,""),"")
A13: 11 | B13: =IFERROR(IF(COUNTA('Historia miesięczna'!$A$7:$A$54)>=2,'Historia miesięczna'!A17,""),"") | C13: =IFERROR(IF(COUNTA('Historia miesięczna'!$A$7:$A$54)>=2,'Historia miesięczna'!B17,""),"") | D13: =IFERROR(IF(COUNTA('Historia miesięczna'!$A$7:$A$54)>=2,'Historia miesięczna'!D17,""),"") | E13: =IFERROR(IF(COUNTA('Historia miesięczna'!$A$7:$A$54)>=2,'Historia miesięczna'!C17,""),"") | F13: =IFERROR(IF(COUNTA('Historia miesięczna'!$A$7:$A$54)>=2,'Historia miesięczna'!E17,""),"") | G13: =IFERROR(IF(COUNTA('Historia miesięczna'!$A$7:$A$54)>=2,'Historia miesięczna'!F17,""),"") | H13: =IFERROR(IF(COUNTA('Historia miesięczna'!$A$7:$A$54)>=2,'Historia miesięczna'!G17,""),"") | I13: =IFERROR(IF(COUNTA('Historia miesięczna'!$A$7:$A$54)>=2,'Historia miesięczna'!I17,""),"")
A14: 12 | B14: =IFERROR(IF(COUNTA('Historia miesięczna'!$A$7:$A$54)>=2,'Historia miesięczna'!A18,""),"") | C14: =IFERROR(IF(COUNTA('Historia miesięczna'!$A$7:$A$54)>=2,'Historia miesięczna'!B18,""),"") | D14: =IFERROR(IF(COUNTA('Historia miesięczna'!$A$7:$A$54)>=2,'Historia miesięczna'!D18,""),"") | E14: =IFERROR(IF(COUNTA('Historia miesięczna'!$A$7:$A$54)>=2,'Historia miesięczna'!C18,""),"") | F14: =IFERROR(IF(COUNTA('Historia miesięczna'!$A$7:$A$54)>=2,'Historia miesięczna'!E18,""),"") | G14: =IFERROR(IF(COUNTA('Historia miesięczna'!$A$7:$A$54)>=2,'Historia miesięczna'!F18,""),"") | H14: =IFERROR(IF(COUNTA('Historia miesięczna'!$A$7:$A$54)>=2,'Historia miesięczna'!G18,""),"") | I14: =IFERROR(IF(COUNTA('Historia miesięczna'!$A$7:$A$54)>=2,'Historia miesięczna'!I18,""),"")
... A26: 24 | B26: =IFERROR(IF(COUNTA('Historia miesięczna'!$A$7:$A$54)>=2,'Historia miesięczna'!A30,""),"") | C26: =IFERROR(IF(COUNTA('Historia miesięczna'!$A$7:$A$54)>=2,'Historia miesięczna'!B30,""),"") | D26: =IFERROR(IF(COUNTA('Historia miesięczna'!$A$7:$A$54)>=2,'Historia miesięczna'!D30,""),"") | E26: =IFERROR(IF(COUNTA('Historia miesięczna'!$A$7:$A$54)>=2,'Historia miesięczna'!C30,""),"") | F26: =IFERROR(IF(COUNTA('Historia miesięczna'!$A$7:$A$54)>=2,'Historia miesięczna'!E30,""),"") | G26: =IFERROR(IF(COUNTA('Historia miesięczna'!$A$7:$A$54)>=2,'Historia miesięczna'!F30,""),"") | H26: =IFERROR(IF(COUNTA('Historia miesięczna'!$A$7:$A$54)>=2,'Historia miesięczna'!G30,""),"") | I26: =IFERROR(IF(COUNTA('Historia miesięczna'!$A$7:$A$54)>=2,'Historia miesięczna'!I30,""),"")
A28: ℹ️ Dane pojawiają się w wykresach dopiero po zapisaniu ≥ 2 miesięcy w archiwum (Historia miesięczna).
